{
  "version": "0.0.6",
  "platformVersion": "12.0.3",
  "authentication": {
    "type": "custom",
    "test": {
      "url": "https://cloud.steampipe.io/api/latest/actor"
    },
    "fields": [
      {
        "key": "token",
        "type": "string",
        "required": true,
        "helpText": "Your Steampipe Cloud [API token](https://steampipe.io/docs/cloud/profile#api-tokens)."
      },
      {
        "key": "handle",
        "type": "string",
        "required": true,
        "helpText": "Your Steampipe Cloud [User handle](https://steampipe.io/docs/cloud/profile#updating-your-user-handle)."
      },
      {
        "key": "workspace",
        "type": "string",
        "required": true,
        "helpText": "Your Steampipe Cloud [Workspace](https://steampipe.io/docs/cloud/workspaces)."
      }
    ],
    "connectionLabel": "{{handle}} - {{workspace}}"
  },
  "beforeRequest": [
    "$func$3$f$"
  ],
  "afterResponse": [
    "$func$2$f$"
  ],
  "resources": {},
  "triggers": {
    "query": {
      "key": "query",
      "noun": "Query",
      "display": {
        "label": "Query",
        "description": "Triggers when a SQL query finds unique records."
      },
      "operation": {
        "inputFields": [
          {
            "key": "query",
            "type": "string",
            "required": true,
            "placeholder": "select * from cloud;",
            "helpText": "Your SQL query"
          }
        ],
        "perform": "$func$2$f$",
        "sample": {
          "id": "7c70d166e9c1ecf4545fb00e63322762",
          "arn": "arn:aws:s3:::bucket",
          "name": "bucket"
        }
      }
    },
    "orgWorkspace": {
      "key": "orgWorkspace",
      "noun": "Org Workspace",
      "display": {
        "label": "Organization Workspace",
        "description": "Triggers when a new organization workspace is created."
      },
      "operation": {
        "inputFields": [
          {
            "key": "organization",
            "type": "string",
            "required": true
          }
        ],
        "perform": "$func$2$f$",
        "sample": {
          "id": "w_steampipetest9ie818g",
          "handle": "zapiertest1",
          "identity_id": "o_cgc0aiofjtuv00ie423g",
          "hive": "usea1-0001",
          "host": "usea1.db.steampipe.io",
          "database_name": "qgasot",
          "state": "pending",
          "api_version": "",
          "cli_version": "",
          "created_at": "2023-03-20T07:53:50Z",
          "created_by_id": "u_c6fi4phe4mvf26h42cjg",
          "created_by": {
            "id": "u_c6fi4phe4mvf12h33jpg",
            "handle": "steampipeuser01",
            "display_name": "Steampipe User",
            "avatar_url": "https://avatars.githubusercontent.com/u/38319418?v=4",
            "status": "accepted",
            "version_id": 10,
            "created_at": "2021-11-25T05:43:02Z",
            "updated_at": "2022-12-15T14:00:21Z"
          },
          "updated_at": "2023-03-20T07:53:54Z",
          "deleted_at": null,
          "version_id": 1
        }
      }
    },
    "userConnection": {
      "key": "userConnection",
      "noun": "User Connection",
      "display": {
        "label": "User Connection",
        "description": "Triggers when a new user connection is created."
      },
      "operation": {
        "inputFields": [
          {
            "key": "handle",
            "type": "string",
            "required": true
          }
        ],
        "perform": "$func$2$f$",
        "sample": {
          "config": {
            "max_items": 5000
          },
          "created_at": "2023-03-17T15:59:13+05:30",
          "created_by": {
            "avatar_url": "https://avatars.githubusercontent.com/u/38319418?v=4",
            "created_at": "2021-11-25T05:43:02Z",
            "display_name": "Steampipe User",
            "handle": "steampipeuser1",
            "id": "u_c6fi4phe4mvf24h22cjg",
            "status": "accepted",
            "updated_at": "2022-12-15T14:00:21Z",
            "version_id": 10
          },
          "created_by_id": "u_c6fi4phe4mvf43h24cjg",
          "handle": "hackernews",
          "id": "c_cga41udglus66t4t57m0",
          "identity_handle": "steampipeuser1",
          "identity_id": "u_c6fi4phe4mvf24h22cjg",
          "identity_type": "user",
          "plugin": "hackernews",
          "type": "connection",
          "updated_at": null,
          "updated_by": null,
          "updated_by_id": "",
          "version_id": 1
        }
      }
    }
  },
  "searches": {
    "query": {
      "key": "query",
      "noun": "Query",
      "display": {
        "label": "Query",
        "description": "Triggers when a SQL query finds unique records."
      },
      "operation": {
        "inputFields": [
          {
            "key": "query",
            "type": "string",
            "required": true,
            "placeholder": "select * from cloud;",
            "helpText": "Your SQL query"
          }
        ],
        "perform": "$func$2$f$",
        "sample": {
          "id": "7c70d166e9c1ecf4545fb00e63322762",
          "arn": "arn:aws:s3:::bucket",
          "name": "bucket"
        }
      }
    },
    "orgWorkspace": {
      "key": "orgWorkspace",
      "noun": "Org Workspace",
      "display": {
        "label": "Organization Workspace",
        "description": "Triggers when a new organization workspace is created."
      },
      "operation": {
        "inputFields": [
          {
            "key": "organization",
            "type": "string",
            "required": true
          }
        ],
        "perform": "$func$2$f$",
        "sample": {
          "id": "w_steampipetest9ie818g",
          "handle": "zapiertest1",
          "identity_id": "o_cgc0aiofjtuv00ie423g",
          "hive": "usea1-0001",
          "host": "usea1.db.steampipe.io",
          "database_name": "qgasot",
          "state": "pending",
          "api_version": "",
          "cli_version": "",
          "created_at": "2023-03-20T07:53:50Z",
          "created_by_id": "u_c6fi4phe4mvf26h42cjg",
          "created_by": {
            "id": "u_c6fi4phe4mvf12h33jpg",
            "handle": "steampipeuser01",
            "display_name": "Steampipe User",
            "avatar_url": "https://avatars.githubusercontent.com/u/38319418?v=4",
            "status": "accepted",
            "version_id": 10,
            "created_at": "2021-11-25T05:43:02Z",
            "updated_at": "2022-12-15T14:00:21Z"
          },
          "updated_at": "2023-03-20T07:53:54Z",
          "deleted_at": null,
          "version_id": 1
        }
      }
    },
    "userConnection": {
      "key": "userConnection",
      "noun": "User Connection",
      "display": {
        "label": "User Connection",
        "description": "Triggers when a new user connection is created."
      },
      "operation": {
        "inputFields": [
          {
            "key": "handle",
            "type": "string",
            "required": true
          }
        ],
        "perform": "$func$2$f$",
        "sample": {
          "config": {
            "max_items": 5000
          },
          "created_at": "2023-03-17T15:59:13+05:30",
          "created_by": {
            "avatar_url": "https://avatars.githubusercontent.com/u/38319418?v=4",
            "created_at": "2021-11-25T05:43:02Z",
            "display_name": "Steampipe User",
            "handle": "steampipeuser1",
            "id": "u_c6fi4phe4mvf24h22cjg",
            "status": "accepted",
            "updated_at": "2022-12-15T14:00:21Z",
            "version_id": 10
          },
          "created_by_id": "u_c6fi4phe4mvf43h24cjg",
          "handle": "hackernews",
          "id": "c_cga41udglus66t4t57m0",
          "identity_handle": "steampipeuser1",
          "identity_id": "u_c6fi4phe4mvf24h22cjg",
          "identity_type": "user",
          "plugin": "hackernews",
          "type": "connection",
          "updated_at": null,
          "updated_by": null,
          "updated_by_id": "",
          "version_id": 1
        }
      }
    }
  },
  "creates": {},
  "searchOrCreates": {}
}