{
  "version": "0.0.5",
  "platformVersion": "12.0.3",
  "authentication": {
    "type": "custom",
    "test": {
      "url": "https://cloud.steampipe.io/api/latest/actor"
    },
    "fields": [
      {
        "key": "token",
        "type": "string",
        "required": true,
        "helpText": "Your Steampipe Cloud [API token](https://steampipe.io/docs/cloud/profile#api-tokens)."
      },
      {
        "key": "handle",
        "type": "string",
        "required": true,
        "helpText": "Your Steampipe Cloud [User handle](https://steampipe.io/docs/cloud/profile#updating-your-user-handle)."
      },
      {
        "key": "workspace",
        "type": "string",
        "required": true,
        "helpText": "Your Steampipe Cloud [Workspace](https://steampipe.io/docs/cloud/workspaces)."
      }
    ],
    "connectionLabel": "{{handle}} - {{workspace}}"
  },
  "beforeRequest": [
    "$func$3$f$"
  ],
  "afterResponse": [
    "$func$2$f$"
  ],
  "resources": {},
  "triggers": {
    "query": {
      "key": "query",
      "noun": "Query",
      "display": {
        "label": "Query",
        "description": "Triggers when a SQL query finds unique records."
      },
      "operation": {
        "inputFields": [
          {
            "key": "query",
            "type": "string",
            "required": true,
            "placeholder": "select * from cloud;",
            "helpText": "Your SQL query"
          }
        ],
        "perform": "$func$2$f$",
        "sample": {
          "id": "7c70d166e9c1ecf4545fb00e63322762",
          "arn": "arn:aws:s3:::bucket",
          "name": "bucket"
        }
      }
    }
  },
  "searches": {
    "query": {
      "key": "query",
      "noun": "Query",
      "display": {
        "label": "Query",
        "description": "Triggers when a SQL query finds unique records."
      },
      "operation": {
        "inputFields": [
          {
            "key": "query",
            "type": "string",
            "required": true,
            "placeholder": "select * from cloud;",
            "helpText": "Your SQL query"
          }
        ],
        "perform": "$func$2$f$",
        "sample": {
          "id": "7c70d166e9c1ecf4545fb00e63322762",
          "arn": "arn:aws:s3:::bucket",
          "name": "bucket"
        }
      }
    }
  },
  "creates": {},
  "searchOrCreates": {}
}